{"v":"5.9.1","fr":60,"ip":0,"op":72,"w":554,"h":554,"nm":"5_comp","ddd":0,"assets":[],"layers":[{"ddd":0,"ind":1,"ty":3,"nm":"NULL HEAD","sr":1,"ks":{"o":{"a":0,"k":0,"ix":11},"r":{"a":0,"k":0,"ix":10},"p":{"a":1,"k":[{"i":{"x":0.667,"y":1},"o":{"x":0.333,"y":0},"t":0,"s":[272.999,355.838,0],"to":[0,0,0],"ti":[0,0,0]},{"i":{"x":0.667,"y":1},"o":{"x":0.333,"y":0},"t":34,"s":[272.999,341.838,0],"to":[0,0,0],"ti":[0,0,0]},{"t":71,"s":[272.999,355.838,0]}],"ix":2,"l":2},"a":{"a":0,"k":[50,50,0],"ix":1,"l":2},"s":{"a":0,"k":[100,100,100],"ix":6,"l":2}},"ao":0,"ip":0,"op":360,"st":0,"bm":0},{"ddd":0,"ind":2,"ty":3,"nm":"face","parent":19,"sr":1,"ks":{"o":{"a":0,"k":0,"ix":11},"r":{"a":0,"k":0,"ix":10},"p":{"a":1,"k":[{"i":{"x":0.667,"y":1},"o":{"x":0.333,"y":0},"t":6,"s":[249.657,306.745,0],"to":[0,0,0],"ti":[0,0,0]},{"i":{"x":0.667,"y":1},"o":{"x":0.333,"y":0},"t":22,"s":[250.135,289.487,0],"to":[0,0,0],"ti":[0,0,0]},{"i":{"x":0.667,"y":1},"o":{"x":0.333,"y":0},"t":36,"s":[250.107,315.872,0],"to":[0,0,0],"ti":[0,0,0]},{"t":48,"s":[249.657,306.745,0]}],"ix":2,"l":2},"a":{"a":0,"k":[34,50,0],"ix":1,"l":2},"s":{"a":0,"k":[100,100,100],"ix":6,"l":2}},"ao":0,"ip":0,"op":360,"st":0,"bm":0},{"ddd":0,"ind":3,"ty":4,"nm":"star","parent":2,"sr":1,"ks":{"o":{"a":0,"k":100,"ix":11},"r":{"a":1,"k":[{"i":{"x":[0.55],"y":[1]},"o":{"x":[0.45],"y":[0]},"t":27,"s":[89]},{"t":55,"s":[0]}],"ix":10},"p":{"a":0,"k":[137.793,70.36,0],"ix":2,"l":2},"a":{"a":0,"k":[353.45,327.105,0],"ix":1,"l":2},"s":{"a":1,"k":[{"i":{"x":[0.667,0.667,0.667],"y":[1,1,1]},"o":{"x":[0.333,0.333,0.333],"y":[0,0,0]},"t":27,"s":[0,0,100]},{"i":{"x":[0.667,0.667,0.667],"y":[1,1,1]},"o":{"x":[0.333,0.333,0.333],"y":[0,0,0]},"t":40,"s":[120,120,100]},{"t":55,"s":[0,0,100]}],"ix":6,"l":2}},"ao":0,"shapes":[{"ty":"gr","it":[{"ind":0,"ty":"sh","ix":1,"ks":{"a":0,"k":{"i":[[0,0],[19.24,0],[0,-24.94],[0,0]],"o":[[0,0],[0,0],[0,-24.94],[-19.24,0]],"v":[[0,-28.255],[-21.52,1.285],[0,28.255],[21.52,1.285]],"c":true},"ix":2},"nm":"Path 1","mn":"ADBE Vector Shape - Group","hd":false},{"ty":"fl","c":{"a":0,"k":[1,1,1,1],"ix":4},"o":{"a":0,"k":100,"ix":5},"r":1,"bm":0,"nm":"Fill 1","mn":"ADBE Vector Graphic - Fill","hd":false},{"ty":"tr","p":{"a":0,"k":[353.45,327.105],"ix":2},"a":{"a":0,"k":[0,0],"ix":1},"s":{"a":0,"k":[100,100],"ix":3},"r":{"a":0,"k":0,"ix":6},"o":{"a":0,"k":100,"ix":7},"sk":{"a":0,"k":0,"ix":4},"sa":{"a":0,"k":0,"ix":5},"nm":"Transform"}],"nm":"Group 1","np":2,"cix":2,"bm":0,"ix":1,"mn":"ADBE Vector Group","hd":false}],"ip":27,"op":387,"st":27,"bm":0},{"ddd":0,"ind":4,"ty":4,"nm":"glasses - 3","parent":10,"td":1,"sr":1,"ks":{"o":{"a":0,"k":100,"ix":11},"r":{"a":0,"k":0,"ix":10},"p":{"a":0,"k":[313.935,298.225,0],"ix":2,"l":2},"a":{"a":0,"k":[313.935,298.225,0],"ix":1,"l":2},"s":{"a":0,"k":[100,100,100],"ix":6,"l":2}},"ao":0,"shapes":[{"ty":"gr","it":[{"ty":"gr","it":[{"ind":0,"ty":"sh","ix":1,"ks":{"a":0,"k":{"i":[[49.74,0],[0,24.07],[-41.11,0],[0,-27.14]],"o":[[-45.89,0],[0,-16.77],[42.22,0],[0.01,25.59]],"v":[[0.005,43.255],[-49.735,-6.485],[0.005,-43.255],[49.735,-6.485]],"c":true},"ix":2},"nm":"Path 1","mn":"ADBE Vector Shape - Group","hd":false},{"ty":"fl","c":{"a":0,"k":[0.250980407,0.250980407,0.254901975393,1],"ix":4},"o":{"a":0,"k":100,"ix":5},"r":1,"bm":0,"nm":"Fill 1","mn":"ADBE Vector Graphic - Fill","hd":false},{"ty":"tr","p":{"a":0,"k":[0,0],"ix":2},"a":{"a":0,"k":[0,0],"ix":1},"s":{"a":0,"k":[100,100],"ix":3},"r":{"a":0,"k":0,"ix":6},"o":{"a":0,"k":100,"ix":7},"sk":{"a":0,"k":0,"ix":4},"sa":{"a":0,"k":0,"ix":5},"nm":"Transform"}],"nm":"Group 1","np":2,"cix":2,"bm":0,"ix":1,"mn":"ADBE Vector Group","hd":false},{"ty":"tr","p":{"a":0,"k":[313.935,298.225],"ix":2},"a":{"a":0,"k":[0,0],"ix":1},"s":{"a":0,"k":[100,100],"ix":3},"r":{"a":0,"k":0,"ix":6},"o":{"a":0,"k":100,"ix":7},"sk":{"a":0,"k":0,"ix":4},"sa":{"a":0,"k":0,"ix":5},"nm":"Transform"}],"nm":"Group 3","np":1,"cix":2,"bm":0,"ix":1,"mn":"ADBE Vector Group","hd":false}],"ip":0,"op":360,"st":0,"bm":0},{"ddd":0,"ind":5,"ty":4,"nm":"blikis - 2","parent":2,"tt":1,"sr":1,"ks":{"o":{"a":0,"k":100,"ix":11},"r":{"a":0,"k":0,"ix":10},"p":{"a":1,"k":[{"i":{"x":0.667,"y":1},"o":{"x":0.333,"y":0},"t":0,"s":[87.168,36.82,0],"to":[0,0,0],"ti":[0,0,0]},{"i":{"x":0.667,"y":1},"o":{"x":0.333,"y":0},"t":24,"s":[55.168,14.82,0],"to":[0,0,0],"ti":[0,0,0]},{"i":{"x":0.667,"y":1},"o":{"x":0.167,"y":0},"t":42,"s":[92.141,39.613,0],"to":[0,0,0],"ti":[0,0,0]},{"t":57,"s":[87.168,36.82,0]}],"ix":2,"l":2},"a":{"a":0,"k":[302.825,293.565,0],"ix":1,"l":2},"s":{"a":0,"k":[100,100,100],"ix":6,"l":2}},"ao":0,"shapes":[{"ty":"gr","it":[{"ty":"gr","it":[{"ind":0,"ty":"sh","ix":1,"ks":{"a":0,"k":{"i":[[-5.04,31.62],[6.47,0.14],[22.65,-11.59],[-4.75,-4]],"o":[[-4.65,-0.7],[-8.91,23.87],[1.8,5.86],[29.58,-12.49]],"v":[[33.285,-34.575],[16.685,-35.805],[-33.285,20.855],[-23.785,35.805]],"c":true},"ix":2},"nm":"Path 1","mn":"ADBE Vector Shape - Group","hd":false},{"ty":"fl","c":{"a":0,"k":[0.65098041296,0.658823549747,0.670588254929,1],"ix":4},"o":{"a":0,"k":100,"ix":5},"r":1,"bm":0,"nm":"Fill 1","mn":"ADBE Vector Graphic - Fill","hd":false},{"ty":"tr","p":{"a":0,"k":[0,0],"ix":2},"a":{"a":0,"k":[0,0],"ix":1},"s":{"a":0,"k":[100,100],"ix":3},"r":{"a":0,"k":0,"ix":6},"o":{"a":0,"k":100,"ix":7},"sk":{"a":0,"k":0,"ix":4},"sa":{"a":0,"k":0,"ix":5},"nm":"Transform"}],"nm":"Group 1","np":2,"cix":2,"bm":0,"ix":1,"mn":"ADBE Vector Group","hd":false},{"ty":"tr","p":{"a":0,"k":[302.825,293.565],"ix":2},"a":{"a":0,"k":[0,0],"ix":1},"s":{"a":0,"k":[100,100],"ix":3},"r":{"a":0,"k":0,"ix":6},"o":{"a":0,"k":100,"ix":7},"sk":{"a":0,"k":0,"ix":4},"sa":{"a":0,"k":0,"ix":5},"nm":"Transform"}],"nm":"Group 2","np":1,"cix":2,"bm":0,"ix":1,"mn":"ADBE Vector Group","hd":false}],"ip":0,"op":360,"st":0,"bm":0},{"ddd":0,"ind":6,"ty":4,"nm":"glasses - 4","parent":10,"td":1,"sr":1,"ks":{"o":{"a":0,"k":100,"ix":11},"r":{"a":0,"k":0,"ix":10},"p":{"a":0,"k":[183.905,298.225,0],"ix":2,"l":2},"a":{"a":0,"k":[183.905,298.225,0],"ix":1,"l":2},"s":{"a":0,"k":[100,100,100],"ix":6,"l":2}},"ao":0,"shapes":[{"ty":"gr","it":[{"ty":"gr","it":[{"ind":0,"ty":"sh","ix":1,"ks":{"a":0,"k":{"i":[[45.89,0],[0,25.58],[-42.22,0],[0,-16.78]],"o":[[-49.73,0],[0,-27.13],[41.11,0],[-0.01,24.07]],"v":[[-0.005,43.255],[-49.735,-6.485],[-0.005,-43.255],[49.735,-6.485]],"c":true},"ix":2},"nm":"Path 1","mn":"ADBE Vector Shape - Group","hd":false},{"ty":"fl","c":{"a":0,"k":[0.250980407,0.250980407,0.254901975393,1],"ix":4},"o":{"a":0,"k":100,"ix":5},"r":1,"bm":0,"nm":"Fill 1","mn":"ADBE Vector Graphic - Fill","hd":false},{"ty":"tr","p":{"a":0,"k":[0,0],"ix":2},"a":{"a":0,"k":[0,0],"ix":1},"s":{"a":0,"k":[100,100],"ix":3},"r":{"a":0,"k":0,"ix":6},"o":{"a":0,"k":100,"ix":7},"sk":{"a":0,"k":0,"ix":4},"sa":{"a":0,"k":0,"ix":5},"nm":"Transform"}],"nm":"Group 1","np":2,"cix":2,"bm":0,"ix":1,"mn":"ADBE Vector Group","hd":false},{"ty":"tr","p":{"a":0,"k":[183.905,298.225],"ix":2},"a":{"a":0,"k":[0,0],"ix":1},"s":{"a":0,"k":[100,100],"ix":3},"r":{"a":0,"k":0,"ix":6},"o":{"a":0,"k":100,"ix":7},"sk":{"a":0,"k":0,"ix":4},"sa":{"a":0,"k":0,"ix":5},"nm":"Transform"}],"nm":"Group 5","np":1,"cix":2,"bm":0,"ix":1,"mn":"ADBE Vector Group","hd":false}],"ip":0,"op":360,"st":0,"bm":0},{"ddd":0,"ind":7,"ty":4,"nm":"blikis - 1","parent":2,"tt":1,"sr":1,"ks":{"o":{"a":0,"k":100,"ix":11},"r":{"a":0,"k":0,"ix":10},"p":{"a":1,"k":[{"i":{"x":0.667,"y":1},"o":{"x":0.333,"y":0},"t":0,"s":[-37.792,37.33,0],"to":[0,0,0],"ti":[0,0,0]},{"i":{"x":0.667,"y":1},"o":{"x":0.333,"y":0},"t":24,"s":[-69.792,15.33,0],"to":[0,0,0],"ti":[0,0,0]},{"i":{"x":0.667,"y":1},"o":{"x":0.167,"y":0},"t":42,"s":[-32.819,40.123,0],"to":[0,0,0],"ti":[0,0,0]},{"t":57,"s":[-37.792,37.33,0]}],"ix":2,"l":2},"a":{"a":0,"k":[177.865,294.075,0],"ix":1,"l":2},"s":{"a":0,"k":[100,100,100],"ix":6,"l":2}},"ao":0,"shapes":[{"ty":"gr","it":[{"ty":"gr","it":[{"ind":0,"ty":"sh","ix":1,"ks":{"a":0,"k":{"i":[[-16.78,27.11],[6.27,1.19],[22.92,-15.58],[-4.59,-4.22]],"o":[[-4.62,-2.96],[-18.53,20.44],[1.19,6.19],[27.75,-15.19]],"v":[[39.735,-28.785],[23.245,-34.915],[-39.735,19.115],[-31.615,34.915]],"c":true},"ix":2},"nm":"Path 1","mn":"ADBE Vector Shape - Group","hd":false},{"ty":"fl","c":{"a":0,"k":[0.65098041296,0.658823549747,0.670588254929,1],"ix":4},"o":{"a":0,"k":100,"ix":5},"r":1,"bm":0,"nm":"Fill 1","mn":"ADBE Vector Graphic - Fill","hd":false},{"ty":"tr","p":{"a":0,"k":[0,0],"ix":2},"a":{"a":0,"k":[0,0],"ix":1},"s":{"a":0,"k":[100,100],"ix":3},"r":{"a":0,"k":0,"ix":6},"o":{"a":0,"k":100,"ix":7},"sk":{"a":0,"k":0,"ix":4},"sa":{"a":0,"k":0,"ix":5},"nm":"Transform"}],"nm":"Group 1","np":2,"cix":2,"bm":0,"ix":1,"mn":"ADBE Vector Group","hd":false},{"ty":"tr","p":{"a":0,"k":[177.865,294.075],"ix":2},"a":{"a":0,"k":[0,0],"ix":1},"s":{"a":0,"k":[100,100],"ix":3},"r":{"a":0,"k":0,"ix":6},"o":{"a":0,"k":100,"ix":7},"sk":{"a":0,"k":0,"ix":4},"sa":{"a":0,"k":0,"ix":5},"nm":"Transform"}],"nm":"Group 4","np":1,"cix":2,"bm":0,"ix":1,"mn":"ADBE Vector Group","hd":false}],"ip":0,"op":360,"st":0,"bm":0},{"ddd":0,"ind":8,"ty":4,"nm":"glasses - 2","parent":10,"sr":1,"ks":{"o":{"a":0,"k":100,"ix":11},"r":{"a":0,"k":0,"ix":10},"p":{"a":0,"k":[313.935,298.225,0],"ix":2,"l":2},"a":{"a":0,"k":[313.935,298.225,0],"ix":1,"l":2},"s":{"a":0,"k":[100,100,100],"ix":6,"l":2}},"ao":0,"shapes":[{"ty":"gr","it":[{"ty":"gr","it":[{"ind":0,"ty":"sh","ix":1,"ks":{"a":0,"k":{"i":[[49.74,0],[0,24.07],[-41.11,0],[0,-27.14]],"o":[[-45.89,0],[0,-16.77],[42.22,0],[0.01,25.59]],"v":[[0.005,43.255],[-49.735,-6.485],[0.005,-43.255],[49.735,-6.485]],"c":true},"ix":2},"nm":"Path 1","mn":"ADBE Vector Shape - Group","hd":false},{"ty":"fl","c":{"a":0,"k":[0.250980407,0.250980407,0.254901975393,1],"ix":4},"o":{"a":0,"k":100,"ix":5},"r":1,"bm":0,"nm":"Fill 1","mn":"ADBE Vector Graphic - Fill","hd":false},{"ty":"tr","p":{"a":0,"k":[0,0],"ix":2},"a":{"a":0,"k":[0,0],"ix":1},"s":{"a":0,"k":[100,100],"ix":3},"r":{"a":0,"k":0,"ix":6},"o":{"a":0,"k":100,"ix":7},"sk":{"a":0,"k":0,"ix":4},"sa":{"a":0,"k":0,"ix":5},"nm":"Transform"}],"nm":"Group 1","np":2,"cix":2,"bm":0,"ix":1,"mn":"ADBE Vector Group","hd":false},{"ty":"tr","p":{"a":0,"k":[313.935,298.225],"ix":2},"a":{"a":0,"k":[0,0],"ix":1},"s":{"a":0,"k":[100,100],"ix":3},"r":{"a":0,"k":0,"ix":6},"o":{"a":0,"k":100,"ix":7},"sk":{"a":0,"k":0,"ix":4},"sa":{"a":0,"k":0,"ix":5},"nm":"Transform"}],"nm":"Group 3","np":1,"cix":2,"bm":0,"ix":1,"mn":"ADBE Vector Group","hd":false}],"ip":0,"op":360,"st":0,"bm":0},{"ddd":0,"ind":9,"ty":4,"nm":"glasses - 1","parent":10,"sr":1,"ks":{"o":{"a":0,"k":100,"ix":11},"r":{"a":0,"k":0,"ix":10},"p":{"a":0,"k":[183.905,298.225,0],"ix":2,"l":2},"a":{"a":0,"k":[183.905,298.225,0],"ix":1,"l":2},"s":{"a":0,"k":[100,100,100],"ix":6,"l":2}},"ao":0,"shapes":[{"ty":"gr","it":[{"ty":"gr","it":[{"ind":0,"ty":"sh","ix":1,"ks":{"a":0,"k":{"i":[[45.89,0],[0,25.58],[-42.22,0],[0,-16.78]],"o":[[-49.73,0],[0,-27.13],[41.11,0],[-0.01,24.07]],"v":[[-0.005,43.255],[-49.735,-6.485],[-0.005,-43.255],[49.735,-6.485]],"c":true},"ix":2},"nm":"Path 1","mn":"ADBE Vector Shape - Group","hd":false},{"ty":"fl","c":{"a":0,"k":[0.250980407,0.250980407,0.254901975393,1],"ix":4},"o":{"a":0,"k":100,"ix":5},"r":1,"bm":0,"nm":"Fill 1","mn":"ADBE Vector Graphic - Fill","hd":false},{"ty":"tr","p":{"a":0,"k":[0,0],"ix":2},"a":{"a":0,"k":[0,0],"ix":1},"s":{"a":0,"k":[100,100],"ix":3},"r":{"a":0,"k":0,"ix":6},"o":{"a":0,"k":100,"ix":7},"sk":{"a":0,"k":0,"ix":4},"sa":{"a":0,"k":0,"ix":5},"nm":"Transform"}],"nm":"Group 1","np":2,"cix":2,"bm":0,"ix":1,"mn":"ADBE Vector Group","hd":false},{"ty":"tr","p":{"a":0,"k":[183.905,298.225],"ix":2},"a":{"a":0,"k":[0,0],"ix":1},"s":{"a":0,"k":[100,100],"ix":3},"r":{"a":0,"k":0,"ix":6},"o":{"a":0,"k":100,"ix":7},"sk":{"a":0,"k":0,"ix":4},"sa":{"a":0,"k":0,"ix":5},"nm":"Transform"}],"nm":"Group 5","np":1,"cix":2,"bm":0,"ix":1,"mn":"ADBE Vector Group","hd":false}],"ip":0,"op":360,"st":0,"bm":0},{"ddd":0,"ind":10,"ty":4,"nm":"glasses - 1","parent":2,"sr":1,"ks":{"o":{"a":0,"k":100,"ix":11},"r":{"a":0,"k":0,"ix":10},"p":{"a":0,"k":[38.913,48.42,0],"ix":2,"l":2},"a":{"a":0,"k":[254.57,305.165,0],"ix":1,"l":2},"s":{"a":0,"k":[100,100,100],"ix":6,"l":2}},"ao":0,"shapes":[{"ty":"gr","it":[{"ind":0,"ty":"sh","ix":1,"ks":{"a":0,"k":{"i":[[0,0],[15.18,0],[0,0],[0,0],[0,0],[0,0]],"o":[[0,0],[-16.28,0],[0,0],[0,0],[0,0],[0,0]],"v":[[25.04,8.87],[0,4.1],[-25.04,8.87],[-25.04,-8.87],[25.03,-8.87],[25.03,8.87]],"c":true},"ix":2},"nm":"Path 1","mn":"ADBE Vector Shape - Group","hd":false},{"ty":"fl","c":{"a":0,"k":[0.219607844949,0.219607844949,0.219607844949,1],"ix":4},"o":{"a":0,"k":100,"ix":5},"r":1,"bm":0,"nm":"Fill 1","mn":"ADBE Vector Graphic - Fill","hd":false},{"ty":"tr","p":{"a":0,"k":[248.96,289.36],"ix":2},"a":{"a":0,"k":[0,0],"ix":1},"s":{"a":0,"k":[100,100],"ix":3},"r":{"a":0,"k":0,"ix":6},"o":{"a":0,"k":100,"ix":7},"sk":{"a":0,"k":0,"ix":4},"sa":{"a":0,"k":0,"ix":5},"nm":"Transform"}],"nm":"Group 6","np":2,"cix":2,"bm":0,"ix":1,"mn":"ADBE Vector Group","hd":false}],"ip":0,"op":360,"st":0,"bm":0},{"ddd":0,"ind":11,"ty":4,"nm":"mouth","parent":2,"sr":1,"ks":{"o":{"a":0,"k":100,"ix":11},"r":{"a":0,"k":0,"ix":10},"p":{"a":0,"k":[32.423,110.4,0],"ix":2,"l":2},"a":{"a":0,"k":[248.08,367.145,0],"ix":1,"l":2},"s":{"a":1,"k":[{"i":{"x":[0.667,0.667,0.667],"y":[1,1,1]},"o":{"x":[0.333,0.333,0.333],"y":[0,0,0]},"t":0,"s":[100,100,100]},{"i":{"x":[0.667,0.667,0.667],"y":[1,1,1]},"o":{"x":[0.333,0.333,0.333],"y":[0,0,0]},"t":15.455,"s":[81,81,100]},{"t":34,"s":[100,100,100]}],"ix":6,"l":2}},"ao":0,"shapes":[{"ty":"gr","it":[{"ty":"gr","it":[{"ind":0,"ty":"sh","ix":1,"ks":{"a":0,"k":{"i":[[0,0],[-0.46,0.09],[-0.77,0.09],[-0.95,0.03],[-1,-0.03],[-0.49,-0.03],[-0.46,-0.04],[-0.76,-0.1],[-0.3,-0.03],[-0.22,-0.03],[0,0],[0.42,-0.19],[0.3,-0.12],[0.38,-0.11],[0.97,-0.13],[1.03,0.02],[0.96,0.15],[0.76,0.22],[0.43,0.17]],"o":[[0,0],[0.46,-0.09],[0.77,-0.08],[0.95,-0.02],[0.5,0.03],[0.49,0.01],[0.93,0.04],[0.38,0.04],[0.31,0.02],[0.46,0.07],[0,0],[-0.21,0.09],[-0.3,0.11],[-0.76,0.19],[-0.97,0.09],[-1.03,-0.04],[-0.96,-0.13],[-0.75,-0.2],[-0.42,-0.19]],"v":[[-8.105,-0.511],[-7.385,-0.671],[-5.515,-0.951],[-2.915,-1.141],[0.035,-1.171],[1.525,-1.131],[2.965,-1.041],[5.535,-0.831],[6.565,-0.731],[7.375,-0.631],[8.105,-0.501],[7.455,-0.171],[6.685,0.159],[5.655,0.529],[3.025,1.039],[-0.005,1.179],[-3.025,0.939],[-5.625,0.409],[-7.435,-0.191]],"c":true},"ix":2},"nm":"Path 1","mn":"ADBE Vector Shape - Group","hd":false},{"ty":"fl","c":{"a":0,"k":[0.219607844949,0.219607844949,0.219607844949,1],"ix":4},"o":{"a":0,"k":100,"ix":5},"r":1,"bm":0,"nm":"Fill 1","mn":"ADBE Vector Graphic - Fill","hd":false},{"ty":"tr","p":{"a":0,"k":[0,0],"ix":2},"a":{"a":0,"k":[0,0],"ix":1},"s":{"a":0,"k":[100,100],"ix":3},"r":{"a":0,"k":0,"ix":6},"o":{"a":0,"k":100,"ix":7},"sk":{"a":0,"k":0,"ix":4},"sa":{"a":0,"k":0,"ix":5},"nm":"Transform"}],"nm":"Group 1","np":2,"cix":2,"bm":0,"ix":1,"mn":"ADBE Vector Group","hd":false},{"ty":"tr","p":{"a":0,"k":[240.635,367.151],"ix":2},"a":{"a":0,"k":[0,0],"ix":1},"s":{"a":0,"k":[100,100],"ix":3},"r":{"a":0,"k":0,"ix":6},"o":{"a":0,"k":100,"ix":7},"sk":{"a":0,"k":0,"ix":4},"sa":{"a":0,"k":0,"ix":5},"nm":"Transform"}],"nm":"Group 1","np":1,"cix":2,"bm":0,"ix":1,"mn":"ADBE Vector Group","hd":false},{"ty":"gr","it":[{"ind":0,"ty":"sh","ix":1,"ks":{"a":0,"k":{"i":[[0,0.01],[0.52,-0.51],[2.23,-1.29],[1.75,-0.7],[0.98,-0.51],[-5.84,3.11]],"o":[[0.15,0.68],[-1.83,1.8],[-1.63,0.95],[-1.1,0.44],[6.58,0.57],[1.09,-0.57]],"v":[[8.739,-6.584],[4.709,-2.124],[-1.371,2.566],[-6.461,5.026],[-9.851,6.456],[9.509,2.576]],"c":true},"ix":2},"nm":"Path 1","mn":"ADBE Vector Shape - Group","hd":false},{"ty":"fl","c":{"a":0,"k":[0.219607844949,0.219607844949,0.219607844949,1],"ix":4},"o":{"a":0,"k":100,"ix":5},"r":1,"bm":0,"nm":"Fill 1","mn":"ADBE Vector Graphic - Fill","hd":false},{"ty":"tr","p":{"a":0,"k":[281.131,357.784],"ix":2},"a":{"a":0,"k":[0,0],"ix":1},"s":{"a":0,"k":[100,100],"ix":3},"r":{"a":0,"k":0,"ix":6},"o":{"a":0,"k":100,"ix":7},"sk":{"a":0,"k":0,"ix":4},"sa":{"a":0,"k":0,"ix":5},"nm":"Transform"}],"nm":"Group 2","np":2,"cix":2,"bm":0,"ix":2,"mn":"ADBE Vector Group","hd":false},{"ty":"gr","it":[{"ind":0,"ty":"sh","ix":1,"ks":{"a":0,"k":{"i":[[0,0.01],[-0.52,-0.51],[-2.23,-1.29],[-1.75,-0.7],[-0.98,-0.51],[5.84,3.11]],"o":[[-0.15,0.68],[1.83,1.8],[1.64,0.95],[1.1,0.44],[-6.58,0.57],[-1.09,-0.57]],"v":[[-8.739,-6.584],[-4.709,-2.124],[1.371,2.566],[6.461,5.026],[9.851,6.456],[-9.509,2.576]],"c":true},"ix":2},"nm":"Path 1","mn":"ADBE Vector Shape - Group","hd":false},{"ty":"fl","c":{"a":0,"k":[0.219607844949,0.219607844949,0.219607844949,1],"ix":4},"o":{"a":0,"k":100,"ix":5},"r":1,"bm":0,"nm":"Fill 1","mn":"ADBE Vector Graphic - Fill","hd":false},{"ty":"tr","p":{"a":0,"k":[214.709,357.784],"ix":2},"a":{"a":0,"k":[0,0],"ix":1},"s":{"a":0,"k":[100,100],"ix":3},"r":{"a":0,"k":0,"ix":6},"o":{"a":0,"k":100,"ix":7},"sk":{"a":0,"k":0,"ix":4},"sa":{"a":0,"k":0,"ix":5},"nm":"Transform"}],"nm":"Group 3","np":2,"cix":2,"bm":0,"ix":3,"mn":"ADBE Vector Group","hd":false},{"ty":"gr","it":[{"ty":"gr","it":[{"ind":0,"ty":"sh","ix":1,"ks":{"a":1,"k":[{"i":{"x":0.667,"y":1},"o":{"x":0.333,"y":0},"t":0,"s":[{"i":[[0,0],[0,0],[4.97,-1.14],[7.14,0],[6.03,1.39],[3.84,0],[0,-5.89],[-25.75,0],[0,22.64],[11.85,0]],"o":[[0,0],[-3.83,0],[-6.03,1.39],[-7.14,0],[-4.97,-1.14],[-11.85,0],[0,22.64],[25.75,0],[0.02,-5.9],[0,0]],"v":[[33.1,-28.425],[33.1,-28.425],[20.01,-26.295],[0.01,-23.335],[-19.99,-26.295],[-33.08,-28.425],[-46.7,-12.635],[0,28.425],[46.7,-12.635],[33.1,-28.425]],"c":true}]},{"i":{"x":0.667,"y":1},"o":{"x":0.333,"y":0},"t":12.363,"s":[{"i":[[0,0],[0,0],[4.97,-1.14],[7.14,0],[6.03,1.39],[3.84,0],[0,-5.89],[-25.75,0],[0,22.64],[11.85,0]],"o":[[0,0],[-3.83,0],[-6.03,1.39],[-7.14,0],[-4.97,-1.14],[-11.85,0],[0,22.64],[25.75,0],[0.02,-5.9],[0,0]],"v":[[34.198,-24.238],[34.198,-24.238],[22.535,-19.401],[-0.152,-15.905],[-22.497,-20.403],[-35.587,-22.533],[-46.7,-12.635],[0.253,16.835],[46.7,-12.635],[34.198,-24.238]],"c":true}]},{"t":26.2734375,"s":[{"i":[[0,0],[0,0],[4.97,-1.14],[7.14,0],[6.03,1.39],[3.84,0],[0,-5.89],[-25.75,0],[0,22.64],[11.85,0]],"o":[[0,0],[-3.83,0],[-6.03,1.39],[-7.14,0],[-4.97,-1.14],[-11.85,0],[0,22.64],[25.75,0],[0.02,-5.9],[0,0]],"v":[[33.1,-28.425],[33.1,-28.425],[20.01,-26.295],[0.01,-23.335],[-19.99,-26.295],[-33.08,-28.425],[-46.7,-12.635],[0,28.425],[46.7,-12.635],[33.1,-28.425]],"c":true}]}],"ix":2},"nm":"Path 1","mn":"ADBE Vector Shape - Group","hd":false},{"ind":1,"ty":"sh","ix":2,"ks":{"a":1,"k":[{"i":{"x":0.667,"y":1},"o":{"x":0.333,"y":0},"t":0,"s":[{"i":[[0,0],[0,-7.98],[22.78,0],[0,19.67],[-5.13,0],[-13.54,0],[-7.52,0]],"o":[[5.13,0],[0,19.67],[-22.78,0],[0,-7.97],[7.52,0],[13.54,0.01],[0,0]],"v":[[33.1,-22.985],[41.27,-12.635],[0.02,22.975],[-41.23,-12.635],[-33.06,-22.985],[0.02,-17.895],[33.1,-22.985]],"c":false}]},{"i":{"x":0.667,"y":1},"o":{"x":0.333,"y":0},"t":12.363,"s":[{"i":[[0,0],[0,-7.98],[22.78,0],[0,19.67],[-5.13,0],[-13.54,0],[-7.52,0]],"o":[[5.13,0],[0,19.67],[-22.78,0],[0,-7.97],[7.52,0],[13.54,0.01],[0,0]],"v":[[34.198,-18.798],[41.27,-12.635],[0.273,11.385],[-41.23,-12.635],[-35.567,-17.093],[-0.142,-10.465],[34.198,-18.798]],"c":false}]},{"t":26.2734375,"s":[{"i":[[0,0],[0,-7.98],[22.78,0],[0,19.67],[-5.13,0],[-13.54,0],[-7.52,0]],"o":[[5.13,0],[0,19.67],[-22.78,0],[0,-7.97],[7.52,0],[13.54,0.01],[0,0]],"v":[[33.1,-22.985],[41.27,-12.635],[0.02,22.975],[-41.23,-12.635],[-33.06,-22.985],[0.02,-17.895],[33.1,-22.985]],"c":false}]}],"ix":2},"nm":"Path 2","mn":"ADBE Vector Shape - Group","hd":false},{"ty":"fl","c":{"a":0,"k":[0.219607844949,0.219607844949,0.219607844949,1],"ix":4},"o":{"a":0,"k":100,"ix":5},"r":1,"bm":0,"nm":"Fill 1","mn":"ADBE Vector Graphic - Fill","hd":false},{"ty":"tr","p":{"a":0,"k":[248.08,367.145],"ix":2},"a":{"a":0,"k":[0,0],"ix":1},"s":{"a":0,"k":[100,100],"ix":3},"r":{"a":0,"k":0,"ix":6},"o":{"a":0,"k":100,"ix":7},"sk":{"a":0,"k":0,"ix":4},"sa":{"a":0,"k":0,"ix":5},"nm":"Transform"}],"nm":"Group 1","np":3,"cix":2,"bm":0,"ix":1,"mn":"ADBE Vector Group","hd":false},{"ty":"gr","it":[{"ind":0,"ty":"sh","ix":1,"ks":{"a":1,"k":[{"i":{"x":0.667,"y":1},"o":{"x":0.333,"y":0},"t":0,"s":[{"i":[[24.25,0],[0,21.13],[-7.33,0],[-4.8,-1.1],[-7.45,0],[-6.17,1.42],[-3.52,0],[0,-8.79]],"o":[[-24.25,0],[0,-8.79],[3.52,0],[6.17,1.42],[7.45,0],[4.8,-1.11],[7.33,0],[0.02,21.14]],"v":[[0.01,25.7],[-43.97,-12.63],[-33.08,-25.7],[-20.61,-23.64],[0,-20.61],[20.61,-23.64],[33.08,-25.7],[43.97,-12.63]],"c":true}]},{"i":{"x":0.667,"y":1},"o":{"x":0.333,"y":0},"t":12.363,"s":[{"i":[[24.25,0],[0,21.13],[-7.33,0],[-4.8,-1.1],[-7.45,0],[-6.17,1.42],[-3.52,0],[0,-8.79]],"o":[[-24.25,0],[0,-8.79],[3.52,0],[6.17,1.42],[7.45,0],[4.8,-1.11],[7.33,0],[0.02,21.14]],"v":[[0.263,14.11],[-43.97,-12.63],[-35.587,-19.808],[-23.117,-17.748],[-0.162,-13.18],[23.135,-16.746],[34.178,-21.513],[43.97,-12.63]],"c":true}]},{"t":26.2734375,"s":[{"i":[[24.25,0],[0,21.13],[-7.33,0],[-4.8,-1.1],[-7.45,0],[-6.17,1.42],[-3.52,0],[0,-8.79]],"o":[[-24.25,0],[0,-8.79],[3.52,0],[6.17,1.42],[7.45,0],[4.8,-1.11],[7.33,0],[0.02,21.14]],"v":[[0.01,25.7],[-43.97,-12.63],[-33.08,-25.7],[-20.61,-23.64],[0,-20.61],[20.61,-23.64],[33.08,-25.7],[43.97,-12.63]],"c":true}]}],"ix":2},"nm":"Path 1","mn":"ADBE Vector Shape - Group","hd":false},{"ty":"fl","c":{"a":0,"k":[1,1,1,1],"ix":4},"o":{"a":0,"k":100,"ix":5},"r":1,"bm":0,"nm":"Fill 1","mn":"ADBE Vector Graphic - Fill","hd":false},{"ty":"tr","p":{"a":0,"k":[248.09,367.14],"ix":2},"a":{"a":0,"k":[0,0],"ix":1},"s":{"a":0,"k":[100,100],"ix":3},"r":{"a":0,"k":0,"ix":6},"o":{"a":0,"k":100,"ix":7},"sk":{"a":0,"k":0,"ix":4},"sa":{"a":0,"k":0,"ix":5},"nm":"Transform"}],"nm":"Group 2","np":2,"cix":2,"bm":0,"ix":2,"mn":"ADBE Vector Group","hd":false},{"ty":"tr","p":{"a":0,"k":[248.09,367.14],"ix":2},"a":{"a":0,"k":[248.09,367.14],"ix":1},"s":{"a":0,"k":[100,100],"ix":3},"r":{"a":0,"k":0,"ix":6},"o":{"a":0,"k":100,"ix":7},"sk":{"a":0,"k":0,"ix":4},"sa":{"a":0,"k":0,"ix":5},"nm":"Transform"}],"nm":"Group 4","np":2,"cix":2,"bm":0,"ix":4,"mn":"ADBE Vector Group","hd":false}],"ip":0,"op":360,"st":0,"bm":0},{"ddd":0,"ind":12,"ty":4,"nm":"brws","parent":2,"sr":1,"ks":{"o":{"a":0,"k":100,"ix":11},"r":{"a":0,"k":0,"ix":10},"p":{"a":0,"k":[33.269,-10.4,0],"ix":2,"l":2},"a":{"a":0,"k":[248.927,246.345,0],"ix":1,"l":2},"s":{"a":0,"k":[100,100,100],"ix":6,"l":2}},"ao":0,"shapes":[{"ty":"gr","it":[{"ind":0,"ty":"sh","ix":1,"ks":{"a":0,"k":{"i":[[0.2,0],[0.27,1.1],[0.72,-0.15],[0.26,1.32],[-1.32,0.26],[-5.54,-22.14],[1.31,-0.33]],"o":[[-1.09,0],[-4.43,-17.68],[-1.31,0.27],[-0.27,-1.31],[0.22,-0.04],[0.33,1.3],[-0.21,0.05]],"v":[[12.513,10.615],[10.163,8.775],[-12.047,-5.505],[-14.907,-7.405],[-13.007,-10.265],[14.883,7.595],[13.113,10.545]],"c":true},"ix":2},"nm":"Path 1","mn":"ADBE Vector Shape - Group","hd":false},{"ty":"fl","c":{"a":0,"k":[0.219607844949,0.219607844949,0.219607844949,1],"ix":4},"o":{"a":0,"k":100,"ix":5},"r":1,"bm":0,"nm":"Fill 1","mn":"ADBE Vector Graphic - Fill","hd":false},{"ty":"tr","p":{"a":1,"k":[{"i":{"x":0.667,"y":1},"o":{"x":0.333,"y":0},"t":27,"s":[345.467,246.345],"to":[0,0],"ti":[0,0]},{"i":{"x":0.667,"y":1},"o":{"x":0.333,"y":0},"t":35.229,"s":[345.467,232.345],"to":[0,0],"ti":[0,0]},{"i":{"x":0.667,"y":1},"o":{"x":0.333,"y":0},"t":45,"s":[345.467,246.345],"to":[0,0],"ti":[0,0]},{"i":{"x":0.667,"y":1},"o":{"x":0.333,"y":0},"t":53.229,"s":[345.467,232.345],"to":[0,0],"ti":[0,0]},{"t":60,"s":[345.467,246.345]}],"ix":2},"a":{"a":0,"k":[0,0],"ix":1},"s":{"a":0,"k":[100,100],"ix":3},"r":{"a":0,"k":0,"ix":6},"o":{"a":0,"k":100,"ix":7},"sk":{"a":0,"k":0,"ix":4},"sa":{"a":0,"k":0,"ix":5},"nm":"Transform"}],"nm":"Group 1","np":2,"cix":2,"bm":0,"ix":1,"mn":"ADBE Vector Group","hd":false},{"ty":"gr","it":[{"ind":0,"ty":"sh","ix":1,"ks":{"a":0,"k":{"i":[[1.09,0],[0.2,0.05],[-0.32,1.3],[-0.22,-0.04],[0.26,-1.31],[1.31,0.26],[4.4,-17.59]],"o":[[-0.2,0],[-1.3,-0.33],[5.54,-22.13],[1.31,0.27],[-0.27,1.31],[-0.74,-0.15],[-0.27,1.1]],"v":[[-12.523,10.614],[-13.113,10.544],[-14.883,7.594],[13.007,-10.266],[14.907,-7.406],[12.047,-5.506],[-10.173,8.774]],"c":true},"ix":2},"nm":"Path 1","mn":"ADBE Vector Shape - Group","hd":false},{"ty":"fl","c":{"a":0,"k":[0.219607844949,0.219607844949,0.219607844949,1],"ix":4},"o":{"a":0,"k":100,"ix":5},"r":1,"bm":0,"nm":"Fill 1","mn":"ADBE Vector Graphic - Fill","hd":false},{"ty":"tr","p":{"a":1,"k":[{"i":{"x":0.667,"y":1},"o":{"x":0.333,"y":0},"t":27,"s":[152.383,246.346],"to":[0,0],"ti":[0,0]},{"i":{"x":0.667,"y":1},"o":{"x":0.333,"y":0},"t":35.229,"s":[152.383,232.346],"to":[0,0],"ti":[0,0]},{"i":{"x":0.667,"y":1},"o":{"x":0.333,"y":0},"t":45,"s":[152.383,246.346],"to":[0,0],"ti":[0,0]},{"i":{"x":0.667,"y":1},"o":{"x":0.333,"y":0},"t":53.229,"s":[152.383,232.346],"to":[0,0],"ti":[0,0]},{"t":60,"s":[152.383,246.346]}],"ix":2},"a":{"a":0,"k":[0,0],"ix":1},"s":{"a":0,"k":[100,100],"ix":3},"r":{"a":0,"k":0,"ix":6},"o":{"a":0,"k":100,"ix":7},"sk":{"a":0,"k":0,"ix":4},"sa":{"a":0,"k":0,"ix":5},"nm":"Transform"}],"nm":"Group 2","np":2,"cix":2,"bm":0,"ix":2,"mn":"ADBE Vector Group","hd":false}],"ip":0,"op":360,"st":0,"bm":0},{"ddd":0,"ind":13,"ty":4,"nm":"Group 1","parent":2,"sr":1,"ks":{"o":{"a":0,"k":100,"ix":11},"r":{"a":0,"k":0,"ix":10},"p":{"a":0,"k":[26.443,25.64,0],"ix":2,"l":2},"a":{"a":0,"k":[242.1,282.385,0],"ix":1,"l":2},"s":{"a":0,"k":[100,100,100],"ix":6,"l":2}},"ao":0,"shapes":[{"ty":"gr","it":[{"ty":"gr","it":[{"ty":"gr","it":[{"ty":"gr","it":[{"ind":0,"ty":"sh","ix":1,"ks":{"a":0,"k":{"i":[[5.41,-2.3],[2.28,4.83],[-5.4,2.3],[-2.28,-4.83]],"o":[[-5.39,2.3],[-2.28,-4.83],[5.39,-2.3],[2.28,4.83]],"v":[[4.114,8.76],[-9.776,4.17],[-4.116,-8.76],[9.774,-4.17]],"c":true},"ix":2},"nm":"Path 1","mn":"ADBE Vector Shape - Group","hd":false},{"ty":"fl","c":{"a":0,"k":[1,1,1,1],"ix":4},"o":{"a":0,"k":100,"ix":5},"r":1,"bm":0,"nm":"Fill 1","mn":"ADBE Vector Graphic - Fill","hd":false},{"ty":"tr","p":{"a":0,"k":[247.596,226.51],"ix":2},"a":{"a":0,"k":[0,0],"ix":1},"s":{"a":0,"k":[100,100],"ix":3},"r":{"a":0,"k":0,"ix":6},"o":{"a":0,"k":100,"ix":7},"sk":{"a":0,"k":0,"ix":4},"sa":{"a":0,"k":0,"ix":5},"nm":"Transform"}],"nm":"Group 1","np":2,"cix":2,"bm":0,"ix":1,"mn":"ADBE Vector Group","hd":false},{"ty":"gr","it":[{"ind":0,"ty":"sh","ix":1,"ks":{"a":0,"k":{"i":[[-0.45,-0.29],[0,0],[-0.03,0.84],[3.08,2.53],[2.61,-7.74]],"o":[[0,0],[0.73,0.47],[0.11,-4.02],[-3.07,-2.52],[-0.17,0.48]],"v":[[-8.1,-0.655],[6.97,8.945],[8.64,8.115],[5.58,-7.805],[-8.61,-1.975]],"c":true},"ix":2},"nm":"Path 1","mn":"ADBE Vector Shape - Group","hd":false},{"ty":"fl","c":{"a":0,"k":[1,1,1,1],"ix":4},"o":{"a":0,"k":100,"ix":5},"r":1,"bm":0,"nm":"Fill 1","mn":"ADBE Vector Graphic - Fill","hd":false},{"ty":"tr","p":{"a":0,"k":[249.02,206.145],"ix":2},"a":{"a":0,"k":[0,0],"ix":1},"s":{"a":0,"k":[100,100],"ix":3},"r":{"a":0,"k":0,"ix":6},"o":{"a":0,"k":100,"ix":7},"sk":{"a":0,"k":0,"ix":4},"sa":{"a":0,"k":0,"ix":5},"nm":"Transform"}],"nm":"Group 2","np":2,"cix":2,"bm":0,"ix":2,"mn":"ADBE Vector Group","hd":false},{"ty":"tr","p":{"a":0,"k":[249.02,206.145],"ix":2},"a":{"a":0,"k":[249.02,206.145],"ix":1},"s":{"a":0,"k":[100,100],"ix":3},"r":{"a":0,"k":0,"ix":6},"o":{"a":0,"k":100,"ix":7},"sk":{"a":0,"k":0,"ix":4},"sa":{"a":0,"k":0,"ix":5},"nm":"Transform"}],"nm":"Group 1","np":2,"cix":2,"bm":0,"ix":1,"mn":"ADBE Vector Group","hd":false},{"ty":"gr","it":[{"ind":0,"ty":"sh","ix":1,"ks":{"a":0,"k":{"i":[[-2.56,-19.32],[2.23,-6.91],[0.86,-1.53],[10.74,-0.14],[-0.71,11.09],[-0.09,1.36],[-2.1,4.03],[-9.55,0.44]],"o":[[1.18,8.93],[-0.57,1.75],[-3.79,6.93],[-18.72,0.25],[0.15,-2.2],[0.23,-3.47],[2.83,-5.43],[0,0.01]],"v":[[21.259,-11.79],[20.029,12.56],[17.899,17.48],[-3.381,28.97],[-21.791,-0.96],[-21.371,-6.41],[-18.241,-18.35],[-0.601,-28.9]],"c":true},"ix":2},"nm":"Path 1","mn":"ADBE Vector Shape - Group","hd":false},{"ty":"gf","o":{"a":0,"k":100,"ix":10},"r":1,"bm":0,"g":{"p":3,"k":{"a":0,"k":[0,0.976,0.839,0.255,0.5,0.845,0.775,0.235,1,0.714,0.71,0.216],"ix":9}},"s":{"a":0,"k":[-2.071,-24.09],"ix":5},"e":{"a":0,"k":[-11.071,32.801],"ix":6},"t":1,"nm":"Gradient Fill 1","mn":"ADBE Vector Graphic - G-Fill","hd":false},{"ty":"tr","p":{"a":0,"k":[248.491,217.34],"ix":2},"a":{"a":0,"k":[0,0],"ix":1},"s":{"a":0,"k":[100,100],"ix":3},"r":{"a":0,"k":0,"ix":6},"o":{"a":0,"k":100,"ix":7},"sk":{"a":0,"k":0,"ix":4},"sa":{"a":0,"k":0,"ix":5},"nm":"Transform"}],"nm":"Group 2","np":2,"cix":2,"bm":0,"ix":2,"mn":"ADBE Vector Group","hd":false},{"ty":"gr","it":[{"ind":0,"ty":"sh","ix":1,"ks":{"a":0,"k":{"i":[[3.6,58.85],[-64.85,3.96],[-3.59,-58.85],[64.85,-3.96]],"o":[[-3.6,-58.85],[64.86,-3.96],[3.6,58.85],[-64.85,3.96]],"v":[[-117.43,7.175],[-6.51,-106.555],[117.43,-7.175],[6.51,106.555]],"c":true},"ix":2},"nm":"Path 1","mn":"ADBE Vector Shape - Group","hd":false},{"ty":"gf","o":{"a":0,"k":100,"ix":10},"r":1,"bm":0,"g":{"p":3,"k":{"a":0,"k":[0,0.976,0.839,0.255,0.5,0.845,0.775,0.235,1,0.714,0.71,0.216],"ix":9}},"s":{"a":0,"k":[8.042,-103.598],"ix":5},"e":{"a":0,"k":[10.14,120.182],"ix":6},"t":1,"nm":"Gradient Fill 1","mn":"ADBE Vector Graphic - G-Fill","hd":false},{"ty":"tr","p":{"a":0,"k":[242.1,282.385],"ix":2},"a":{"a":0,"k":[0,0],"ix":1},"s":{"a":0,"k":[100,100],"ix":3},"r":{"a":0,"k":0,"ix":6},"o":{"a":0,"k":100,"ix":7},"sk":{"a":0,"k":0,"ix":4},"sa":{"a":0,"k":0,"ix":5},"nm":"Transform"}],"nm":"Group 3","np":2,"cix":2,"bm":0,"ix":3,"mn":"ADBE Vector Group","hd":false},{"ty":"tr","p":{"a":0,"k":[242.1,282.385],"ix":2},"a":{"a":0,"k":[242.1,282.385],"ix":1},"s":{"a":0,"k":[100,100],"ix":3},"r":{"a":0,"k":0,"ix":6},"o":{"a":0,"k":100,"ix":7},"sk":{"a":0,"k":0,"ix":4},"sa":{"a":0,"k":0,"ix":5},"nm":"Transform"}],"nm":"Group 1","np":3,"cix":2,"bm":0,"ix":1,"mn":"ADBE Vector Group","hd":false},{"ty":"tr","p":{"a":0,"k":[242.1,282.385],"ix":2},"a":{"a":0,"k":[242.1,282.385],"ix":1},"s":{"a":0,"k":[100,100],"ix":3},"r":{"a":0,"k":0,"ix":6},"o":{"a":0,"k":100,"ix":7},"sk":{"a":0,"k":0,"ix":4},"sa":{"a":0,"k":0,"ix":5},"nm":"Transform"}],"nm":"Group 1","np":1,"cix":2,"bm":0,"ix":1,"mn":"ADBE Vector Group","hd":false}],"ip":0,"op":360,"st":0,"bm":0},{"ddd":0,"ind":15,"ty":4,"nm":"ear_l","parent":19,"sr":1,"ks":{"o":{"a":0,"k":100,"ix":11},"r":{"a":1,"k":[{"i":{"x":[0.667],"y":[1]},"o":{"x":[0.333],"y":[0]},"t":0,"s":[0]},{"i":{"x":[0.667],"y":[1]},"o":{"x":[0.333],"y":[0]},"t":23,"s":[-14]},{"i":{"x":[0.667],"y":[1]},"o":{"x":[0.333],"y":[0]},"t":40,"s":[9]},{"t":55,"s":[0]}],"ix":10},"p":{"a":1,"k":[{"i":{"x":0.667,"y":1},"o":{"x":0.333,"y":0},"t":0,"s":[118.999,221.838,0],"to":[0,0,0],"ti":[0,0,0]},{"i":{"x":0.667,"y":1},"o":{"x":0.333,"y":0},"t":23,"s":[117.091,245.04,0],"to":[0,0,0],"ti":[0,0,0]},{"i":{"x":0.667,"y":1},"o":{"x":0.333,"y":0},"t":40,"s":[118.763,216.994,0],"to":[0,0,0],"ti":[0,0,0]},{"t":55,"s":[118.999,221.838,0]}],"ix":2,"l":2},"a":{"a":0,"k":[118.999,221.838,0],"ix":1,"l":2},"s":{"a":0,"k":[100,100,100],"ix":6,"l":2}},"ao":0,"shapes":[{"ty":"gr","it":[{"ind":0,"ty":"sh","ix":1,"ks":{"a":1,"k":[{"i":{"x":0.667,"y":1},"o":{"x":0.333,"y":0},"t":0,"s":[{"i":[[2.46,-1.96],[7.33,-42.8],[3.19,3.06],[-15.98,77.56],[-0.81,-0.79],[-22.29,-9.04],[-20.39,-24.16]],"o":[[-10.08,8.05],[-0.75,4.36],[-18.7,-17.95],[0.23,-1.11],[5,4.85],[26.18,10.62],[2.03,2.4]],"v":[[49.299,-3.346],[8.219,70.484],[-1.061,73.514],[-48.001,-73.906],[-45.581,-74.656],[-3.401,-47.546],[50.109,-11.296]],"c":true}]},{"i":{"x":0.667,"y":1},"o":{"x":0.333,"y":0},"t":23,"s":[{"i":[[2.46,-1.96],[7.33,-42.8],[3.19,3.06],[-64.978,58.038],[-0.81,-0.79],[-12.484,-17.093],[-8.1,-28.03]],"o":[[-10.08,8.05],[-0.75,4.36],[-18.7,-17.95],[0.845,-0.755],[5,4.85],[16.663,22.815],[0.873,3.02]],"v":[[73.439,-5.05],[11.293,55.796],[2.013,58.826],[26.07,-106.808],[28.49,-107.558],[48.17,-60.39],[74.249,-13]],"c":true}]},{"i":{"x":0.667,"y":1},"o":{"x":0.333,"y":0},"t":38,"s":[{"i":[[2.46,-1.96],[7.33,-42.8],[3.19,3.06],[0.698,75.901],[-0.81,-0.79],[-23.869,-3.224],[-7.977,-10.53]],"o":[[-10.08,8.05],[-0.75,4.36],[-18.7,-17.95],[-0.01,-1.134],[5,4.85],[20.722,2.799],[1.898,2.506]],"v":[[43.038,-2.042],[8.899,76.998],[-0.381,80.028],[-66.623,-56.08],[-64.203,-56.83],[-0.613,-37.219],[43.848,-9.992]],"c":true}]},{"i":{"x":0.667,"y":1},"o":{"x":0.333,"y":0},"t":54,"s":[{"i":[[2.46,-1.96],[7.33,-42.8],[3.19,3.06],[-15.98,77.56],[-0.81,-0.79],[-22.29,-9.04],[-20.39,-24.16]],"o":[[-10.08,8.05],[-0.75,4.36],[-18.7,-17.95],[0.23,-1.11],[5,4.85],[26.18,10.62],[2.03,2.4]],"v":[[49.299,-3.346],[8.219,70.484],[-1.061,73.514],[-44.503,-74.913],[-42.083,-75.663],[-0.404,-49.052],[50.109,-11.296]],"c":true}]},{"t":68,"s":[{"i":[[2.46,-1.96],[7.33,-42.8],[3.19,3.06],[-15.98,77.56],[-0.81,-0.79],[-22.29,-9.04],[-20.39,-24.16]],"o":[[-10.08,8.05],[-0.75,4.36],[-18.7,-17.95],[0.23,-1.11],[5,4.85],[26.18,10.62],[2.03,2.4]],"v":[[49.299,-3.346],[8.219,70.484],[-1.061,73.514],[-48.001,-73.906],[-45.581,-74.656],[-3.401,-47.546],[50.109,-11.296]],"c":true}]}],"ix":2},"nm":"Path 1","mn":"ADBE Vector Shape - Group","hd":false},{"ty":"gf","o":{"a":0,"k":100,"ix":10},"r":1,"bm":0,"g":{"p":13,"k":{"a":0,"k":[0,0.22,0.22,0.22,0.032,0.255,0.251,0.208,0.063,0.29,0.282,0.196,0.118,0.337,0.325,0.18,0.174,0.384,0.369,0.165,0.236,0.422,0.402,0.151,0.299,0.459,0.435,0.137,0.372,0.484,0.459,0.127,0.445,0.51,0.482,0.118,0.538,0.525,0.496,0.114,0.632,0.541,0.51,0.11,0.816,0.545,0.514,0.108,1,0.549,0.518,0.106],"ix":9}},"s":{"a":0,"k":[26.205,37.016],"ix":5},"e":{"a":0,"k":[-64.724,-55.779],"ix":6},"t":1,"nm":"Gradient Fill 1","mn":"ADBE Vector Graphic - G-Fill","hd":false},{"ty":"tr","p":{"a":0,"k":[82.771,180.216],"ix":2},"a":{"a":0,"k":[0,0],"ix":1},"s":{"a":0,"k":[100,100],"ix":3},"r":{"a":0,"k":0,"ix":6},"o":{"a":0,"k":100,"ix":7},"sk":{"a":0,"k":0,"ix":4},"sa":{"a":0,"k":0,"ix":5},"nm":"Transform"}],"nm":"Group 3","np":2,"cix":2,"bm":0,"ix":1,"mn":"ADBE Vector Group","hd":false},{"ty":"gr","it":[{"ind":0,"ty":"sh","ix":1,"ks":{"a":1,"k":[{"i":{"x":0.667,"y":1},"o":{"x":0.333,"y":0},"t":0,"s":[{"i":[[0,0],[36.73,16.52],[0,0],[0,0],[0,0],[0,0]],"o":[[-18.68,-49.79],[-36.73,-16.52],[-51.63,70.27],[-8.45,-1.56],[5.91,71.52],[133.91,-52.76]],"v":[[-76.629,-94.368],[-165.709,-157.208],[-220.729,-193.568],[-220.359,-28.798],[-238.209,-34.778],[-156.828,78.935]],"c":true}]},{"i":{"x":0.667,"y":1},"o":{"x":0.333,"y":0},"t":23,"s":[{"i":[[0,0],[18.462,31.58],[0,0],[0,0],[0,0],[0,0]],"o":[[-9.731,-18.352],[-20.327,-34.768],[-101.78,-16.53],[-8.45,-1.56],[-31.301,99.491],[133.91,-52.76]],"v":[[-47.373,-103.829],[-85.849,-152.105],[-92.793,-205.2],[-203.745,-76.505],[-215.712,-92.905],[-157.36,78.782]],"c":true}]},{"i":{"x":0.667,"y":1},"o":{"x":0.333,"y":0},"t":38,"s":[{"i":[[0,0],[34.823,8.107],[0,0],[0,0],[0,0],[0,0]],"o":[[-0.219,-21.684],[-84.26,-19.616],[-26.261,79.592],[-8.45,-1.56],[18.279,69.181],[133.91,-52.76]],"v":[[-69.702,-41.933],[-129.905,-136.836],[-255.438,-170.655],[-222.373,-13.424],[-238.608,-15.122],[-157.36,78.782]],"c":true}]},{"i":{"x":0.667,"y":1},"o":{"x":0.333,"y":0},"t":54,"s":[{"i":[[0,0],[36.73,16.52],[0,0],[0,0],[0,0],[0,0]],"o":[[-18.68,-49.79],[-36.73,-16.52],[-51.63,70.27],[-8.45,-1.56],[5.91,71.52],[133.91,-52.76]],"v":[[-76.629,-94.368],[-165.709,-157.208],[-211.731,-194.586],[-218.869,-33.801],[-236.715,-37.781],[-156.828,78.935]],"c":true}]},{"t":68,"s":[{"i":[[0,0],[36.73,16.52],[0,0],[0,0],[0,0],[0,0]],"o":[[-18.68,-49.79],[-36.73,-16.52],[-51.63,70.27],[-8.45,-1.56],[5.91,71.52],[133.91,-52.76]],"v":[[-76.629,-94.368],[-165.709,-157.208],[-220.729,-193.568],[-220.359,-28.798],[-238.209,-34.778],[-156.828,78.935]],"c":true}]}],"ix":2},"nm":"Path 1","mn":"ADBE Vector Shape - Group","hd":false},{"ty":"gf","o":{"a":0,"k":100,"ix":10},"r":1,"bm":0,"g":{"p":11,"k":{"a":0,"k":[0,0.549,0.518,0.106,0.014,0.569,0.541,0.12,0.027,0.588,0.565,0.133,0.054,0.616,0.598,0.151,0.081,0.643,0.631,0.169,0.114,0.665,0.653,0.182,0.147,0.686,0.675,0.196,0.194,0.696,0.688,0.204,0.241,0.706,0.702,0.212,0.371,0.71,0.706,0.214,0.501,0.714,0.71,0.216],"ix":9}},"s":{"a":0,"k":[-8.089,229.162],"ix":5},"e":{"a":0,"k":[-16.959,-186.173],"ix":6},"t":1,"nm":"Gradient Fill 1","mn":"ADBE Vector Graphic - G-Fill","hd":false},{"ty":"tr","p":{"a":0,"k":[249.999,238.838],"ix":2},"a":{"a":0,"k":[0,0],"ix":1},"s":{"a":0,"k":[100,100],"ix":3},"r":{"a":0,"k":0,"ix":6},"o":{"a":0,"k":100,"ix":7},"sk":{"a":0,"k":0,"ix":4},"sa":{"a":0,"k":0,"ix":5},"nm":"Transform"}],"nm":"Group 4","np":2,"cix":2,"bm":0,"ix":2,"mn":"ADBE Vector Group","hd":false}],"ip":0,"op":360,"st":0,"bm":0},{"ddd":0,"ind":17,"ty":4,"nm":"ear_r","parent":19,"sr":1,"ks":{"o":{"a":0,"k":100,"ix":11},"r":{"a":1,"k":[{"i":{"x":[0.667],"y":[1]},"o":{"x":[0.333],"y":[0]},"t":0,"s":[0]},{"i":{"x":[0.667],"y":[1]},"o":{"x":[0.333],"y":[0]},"t":23,"s":[11]},{"i":{"x":[0.667],"y":[1]},"o":{"x":[0.333],"y":[0]},"t":40,"s":[-7]},{"t":55,"s":[0]}],"ix":10},"p":{"a":1,"k":[{"i":{"x":0.667,"y":1},"o":{"x":0.333,"y":0},"t":0,"s":[351.999,218.838,0],"to":[0,0,0],"ti":[0,0,0]},{"i":{"x":0.667,"y":1},"o":{"x":0.333,"y":0},"t":23,"s":[350.091,242.04,0],"to":[0,0,0],"ti":[0,0,0]},{"i":{"x":0.667,"y":1},"o":{"x":0.333,"y":0},"t":40,"s":[348.715,211.229,0],"to":[0,0,0],"ti":[0,0,0]},{"t":55,"s":[351.999,218.838,0]}],"ix":2,"l":2},"a":{"a":0,"k":[351.999,218.838,0],"ix":1,"l":2},"s":{"a":0,"k":[100,100,100],"ix":6,"l":2}},"ao":0,"shapes":[{"ty":"gr","it":[{"ind":0,"ty":"sh","ix":1,"ks":{"a":1,"k":[{"i":{"x":0.667,"y":1},"o":{"x":0.333,"y":0},"t":0,"s":[{"i":[[-2.44,-1.97],[-7.13,-42.83],[-3.2,3.05],[15.64,77.63],[0.82,-0.78],[22.32,-8.94],[20.5,-24.06]],"o":[[10.05,8.1],[0.73,4.36],[18.79,-17.86],[-0.22,-1.11],[-5.02,4.83],[-26.23,10.5],[-2.03,2.39]],"v":[[-49.4,-3.671],[-8.66,70.339],[0.6,73.409],[48.22,-73.781],[45.8,-74.541],[3.5,-47.621],[-50.18,-11.621]],"c":true}]},{"i":{"x":0.667,"y":1},"o":{"x":0.333,"y":0},"t":23,"s":[{"i":[[-2.44,-1.97],[-7.13,-42.83],[-3.2,3.05],[69.642,34.839],[0.82,-0.78],[14.804,-18.946],[14.325,-24.45]],"o":[[10.05,8.1],[0.73,4.36],[18.79,-17.86],[-1.012,-0.506],[-5.02,4.83],[-14.771,18.903],[-1.585,2.706]],"v":[[-71.652,8.248],[-8.66,70.339],[0.6,73.409],[-26.643,-78.832],[-29.063,-79.592],[-45.091,-35.485],[-72.432,0.298]],"c":true}]},{"i":{"x":0.667,"y":1},"o":{"x":0.333,"y":0},"t":40,"s":[{"i":[[-2.44,-1.97],[-7.13,-42.83],[-3.2,3.05],[11.116,78.751],[0.82,-0.78],[22.32,-8.94],[20.5,-24.06]],"o":[[10.05,8.1],[0.73,4.36],[18.79,-17.86],[-0.158,-1.12],[-5.02,4.83],[-26.23,10.5],[-2.03,2.39]],"v":[[-49.4,-3.671],[-8.66,70.339],[0.6,73.409],[57.609,-69.2],[55.189,-69.96],[3.5,-47.621],[-50.18,-11.621]],"c":true}]},{"i":{"x":0.667,"y":1},"o":{"x":0.333,"y":0},"t":54,"s":[{"i":[[-2.44,-1.97],[-7.13,-42.83],[-3.2,3.05],[11.116,78.751],[0.82,-0.78],[22.32,-8.94],[20.5,-24.06]],"o":[[10.05,8.1],[0.73,4.36],[18.79,-17.86],[-0.158,-1.12],[-5.02,4.83],[-26.23,10.5],[-2.03,2.39]],"v":[[-49.4,-3.671],[-8.66,70.339],[0.6,73.409],[44.117,-74.721],[41.697,-75.481],[3.5,-47.621],[-50.18,-11.621]],"c":true}]},{"t":68,"s":[{"i":[[-2.44,-1.97],[-7.13,-42.83],[-3.2,3.05],[15.64,77.63],[0.82,-0.78],[22.32,-8.94],[20.5,-24.06]],"o":[[10.05,8.1],[0.73,4.36],[18.79,-17.86],[-0.22,-1.11],[-5.02,4.83],[-26.23,10.5],[-2.03,2.39]],"v":[[-49.4,-3.671],[-8.66,70.339],[0.6,73.409],[48.22,-73.781],[45.8,-74.541],[3.5,-47.621],[-50.18,-11.621]],"c":true}]}],"ix":2},"nm":"Path 1","mn":"ADBE Vector Shape - Group","hd":false},{"ty":"gf","o":{"a":0,"k":100,"ix":10},"r":1,"bm":0,"g":{"p":13,"k":{"a":0,"k":[0,0.22,0.22,0.22,0.029,0.251,0.247,0.21,0.059,0.282,0.275,0.2,0.118,0.331,0.32,0.182,0.177,0.38,0.365,0.165,0.243,0.418,0.398,0.151,0.309,0.455,0.431,0.137,0.385,0.482,0.457,0.129,0.461,0.51,0.482,0.122,0.556,0.525,0.496,0.116,0.651,0.541,0.51,0.11,0.826,0.545,0.514,0.108,1,0.549,0.518,0.106],"ix":9}},"s":{"a":0,"k":[-27.281,44.703],"ix":5},"e":{"a":0,"k":[72.517,-63.305],"ix":6},"t":1,"nm":"Gradient Fill 1","mn":"ADBE Vector Graphic - G-Fill","hd":false},{"ty":"tr","p":{"a":0,"k":[413.21,184.291],"ix":2},"a":{"a":0,"k":[0,0],"ix":1},"s":{"a":0,"k":[100,100],"ix":3},"r":{"a":0,"k":0,"ix":6},"o":{"a":0,"k":100,"ix":7},"sk":{"a":0,"k":0,"ix":4},"sa":{"a":0,"k":0,"ix":5},"nm":"Transform"}],"nm":"Group 2","np":2,"cix":2,"bm":0,"ix":1,"mn":"ADBE Vector Group","hd":false},{"ty":"gr","it":[{"ind":0,"ty":"sh","ix":1,"ks":{"a":1,"k":[{"i":{"x":0.667,"y":1},"o":{"x":0.333,"y":0},"t":0,"s":[{"i":[[0,0],[0,0],[46.45,-7.1],[0,0],[-26.465,-41.781],[0,0],[0,0]],"o":[[55.24,-89.44],[-17.85,16.56],[-46.45,7.1],[-7.507,-3.931],[24.302,38.367],[65.98,-24.14],[-12.7,3.6]],"v":[[217.511,-31.688],[223.031,-196.268],[132.011,-154.928],[65.101,-95.228],[80.905,-6.677],[148.4,69.329],[233.941,-35.028]],"c":true}]},{"i":{"x":0.667,"y":1},"o":{"x":0.333,"y":0},"t":23,"s":[{"i":[[0,0],[0,0],[30.208,-27.029],[0,0],[-26.465,-41.781],[0,0],[0,0]],"o":[[-3.345,-130.389],[-2.721,19.757],[-35.018,31.333],[-7.507,-3.931],[24.302,38.367],[81.865,-36.424],[-5.404,7.042]],"v":[[200.091,-60.369],[94.441,-175.468],[71.13,-113.923],[32.065,-69.828],[80.905,-6.677],[148.4,69.329],[212.404,-72.039]],"c":true}]},{"i":{"x":0.667,"y":1},"o":{"x":0.333,"y":0},"t":40,"s":[{"i":[[0,0],[0,0],[46.606,-5.987],[0,0],[-26.465,-41.781],[0,0],[0,0]],"o":[[55.24,-89.44],[-17.85,16.56],[-43.138,5.542],[-7.507,-3.931],[24.302,38.367],[65.98,-24.14],[-12.7,3.6]],"v":[[219.054,-26.225],[241.467,-189.075],[132.011,-154.928],[67.413,-93.599],[80.905,-6.677],[148.4,69.329],[235.484,-29.565]],"c":true}]},{"i":{"x":0.667,"y":1},"o":{"x":0.333,"y":0},"t":54,"s":[{"i":[[0,0],[0,0],[46.606,-5.987],[0,0],[-26.465,-41.781],[0,0],[0,0]],"o":[[55.24,-89.44],[-17.85,16.56],[-43.138,5.542],[-7.507,-3.931],[24.302,38.367],[65.98,-24.14],[-12.7,3.6]],"v":[[215.065,-33.231],[214.979,-197.116],[132.011,-154.928],[64.413,-93.603],[80.905,-6.677],[148.4,69.329],[231.495,-36.571]],"c":true}]},{"t":68,"s":[{"i":[[0,0],[0,0],[46.45,-7.1],[0,0],[-26.465,-41.781],[0,0],[0,0]],"o":[[55.24,-89.44],[-17.85,16.56],[-46.45,7.1],[-7.507,-3.931],[24.302,38.367],[65.98,-24.14],[-12.7,3.6]],"v":[[217.511,-31.688],[223.031,-196.268],[132.011,-154.928],[65.101,-95.228],[80.905,-6.677],[148.4,69.329],[233.941,-35.028]],"c":true}]}],"ix":2},"nm":"Path 1","mn":"ADBE Vector Shape - Group","hd":false},{"ty":"gf","o":{"a":0,"k":100,"ix":10},"r":1,"bm":0,"g":{"p":11,"k":{"a":0,"k":[0,0.549,0.518,0.106,0.014,0.569,0.541,0.12,0.027,0.588,0.565,0.133,0.054,0.616,0.598,0.151,0.081,0.643,0.631,0.169,0.114,0.665,0.653,0.182,0.147,0.686,0.675,0.196,0.194,0.696,0.688,0.204,0.241,0.706,0.702,0.212,0.371,0.71,0.706,0.214,0.501,0.714,0.71,0.216],"ix":9}},"s":{"a":0,"k":[-8.089,229.162],"ix":5},"e":{"a":0,"k":[-16.959,-186.173],"ix":6},"t":1,"nm":"Gradient Fill 1","mn":"ADBE Vector Graphic - G-Fill","hd":false},{"ty":"tr","p":{"a":0,"k":[249.999,238.838],"ix":2},"a":{"a":0,"k":[0,0],"ix":1},"s":{"a":0,"k":[100,100],"ix":3},"r":{"a":0,"k":0,"ix":6},"o":{"a":0,"k":100,"ix":7},"sk":{"a":0,"k":0,"ix":4},"sa":{"a":0,"k":0,"ix":5},"nm":"Transform"}],"nm":"Group 4","np":2,"cix":2,"bm":0,"ix":2,"mn":"ADBE Vector Group","hd":false}],"ip":0,"op":360,"st":0,"bm":0},{"ddd":0,"ind":18,"ty":4,"nm":"pip","parent":19,"sr":1,"ks":{"o":{"a":0,"k":100,"ix":11},"r":{"a":0,"k":0,"ix":10},"p":{"a":0,"k":[249.999,238.838,0],"ix":2,"l":2},"a":{"a":0,"k":[249.999,238.838,0],"ix":1,"l":2},"s":{"a":0,"k":[100,100,100],"ix":6,"l":2}},"ao":0,"shapes":[{"ty":"gr","it":[{"ind":0,"ty":"sh","ix":1,"ks":{"a":1,"k":[{"i":{"x":0.833,"y":0.833},"o":{"x":0.167,"y":0.167},"t":0,"s":[{"i":[[0.066,0.444],[16.48,4.7],[0.85,-0.7],[15.77,-0.42],[0,0],[-31.145,0.85]],"o":[[-0.18,-1.14],[-16.29,-4.64],[0.16,-0.8],[-16.03,0.45],[-8.707,0.616],[19.902,-0.543]],"v":[[41.811,-101.728],[43.831,-129.038],[-9.979,-102.718],[-20.589,-127.078],[-55.739,-99.238],[-5.006,-86.11]],"c":true}]},{"i":{"x":0.833,"y":0.833},"o":{"x":0.167,"y":0.167},"t":13,"s":[{"i":[[0.066,0.444],[6.216,15.97],[0.85,-0.7],[15.77,-0.42],[0,0],[-31.145,0.85]],"o":[[-0.18,-1.14],[-7.273,-18.686],[0.16,-0.8],[-16.03,0.45],[-8.707,0.616],[19.902,-0.543]],"v":[[41.811,-101.728],[61.54,-115.648],[-9.979,-102.718],[-9.997,-121.056],[-55.739,-99.238],[-5.006,-86.11]],"c":true}]},{"i":{"x":0.833,"y":0.833},"o":{"x":0.167,"y":0.167},"t":29,"s":[{"i":[[0.066,0.444],[16.48,4.7],[0.85,-0.7],[15.77,-0.42],[0,0],[-31.145,0.85]],"o":[[-0.18,-1.14],[-16.29,-4.64],[0.16,-0.8],[-16.03,0.45],[-8.707,0.616],[19.902,-0.543]],"v":[[41.811,-101.728],[8.74,-147.918],[-9.979,-102.718],[-37.816,-138.955],[-55.739,-99.238],[-5.006,-86.11]],"c":true}]},{"i":{"x":0.833,"y":0.833},"o":{"x":0.167,"y":0.167},"t":43,"s":[{"i":[[0.066,0.444],[6.216,15.97],[0.85,-0.7],[15.77,-0.42],[0,0],[-31.145,0.85]],"o":[[-0.18,-1.14],[-7.273,-18.686],[0.16,-0.8],[-16.03,0.45],[-8.707,0.616],[19.902,-0.543]],"v":[[41.811,-101.728],[61.54,-115.648],[-9.979,-102.718],[-9.997,-121.056],[-55.739,-99.238],[-5.006,-86.11]],"c":true}]},{"t":64,"s":[{"i":[[0.066,0.444],[16.48,4.7],[0.85,-0.7],[15.77,-0.42],[0,0],[-31.145,0.85]],"o":[[-0.18,-1.14],[-16.29,-4.64],[0.16,-0.8],[-16.03,0.45],[-8.707,0.616],[19.902,-0.543]],"v":[[41.811,-101.728],[43.831,-129.038],[-9.979,-102.718],[-20.589,-127.078],[-55.739,-99.238],[-5.006,-86.11]],"c":true}]}],"ix":2},"nm":"Path 1","mn":"ADBE Vector Shape - Group","hd":false},{"ty":"gf","o":{"a":0,"k":100,"ix":10},"r":1,"bm":0,"g":{"p":11,"k":{"a":0,"k":[0,0.549,0.518,0.106,0.014,0.569,0.541,0.12,0.027,0.588,0.565,0.133,0.054,0.616,0.598,0.151,0.081,0.643,0.631,0.169,0.114,0.665,0.653,0.182,0.147,0.686,0.675,0.196,0.194,0.696,0.688,0.204,0.241,0.706,0.702,0.212,0.371,0.71,0.706,0.214,0.501,0.714,0.71,0.216],"ix":9}},"s":{"a":0,"k":[-8.089,229.162],"ix":5},"e":{"a":0,"k":[-16.959,-186.173],"ix":6},"t":1,"nm":"Gradient Fill 1","mn":"ADBE Vector Graphic - G-Fill","hd":false},{"ty":"tr","p":{"a":0,"k":[249.999,238.838],"ix":2},"a":{"a":0,"k":[0,0],"ix":1},"s":{"a":0,"k":[100,100],"ix":3},"r":{"a":0,"k":0,"ix":6},"o":{"a":0,"k":100,"ix":7},"sk":{"a":0,"k":0,"ix":4},"sa":{"a":0,"k":0,"ix":5},"nm":"Transform"}],"nm":"Group 4","np":2,"cix":2,"bm":0,"ix":1,"mn":"ADBE Vector Group","hd":false}],"ip":0,"op":360,"st":0,"bm":0},{"ddd":0,"ind":19,"ty":4,"nm":"HEAD","parent":1,"sr":1,"ks":{"o":{"a":0,"k":100,"ix":11},"r":{"a":1,"k":[{"i":{"x":[0.667],"y":[1]},"o":{"x":[0.333],"y":[0]},"t":3,"s":[0]},{"i":{"x":[0.667],"y":[1]},"o":{"x":[0.333],"y":[0]},"t":20,"s":[-3]},{"i":{"x":[0.667],"y":[1]},"o":{"x":[0.333],"y":[0]},"t":34,"s":[5]},{"t":47,"s":[0]}],"ix":10},"p":{"a":1,"k":[{"i":{"x":0.667,"y":1},"o":{"x":0.333,"y":0},"t":0,"s":[51,93,0],"to":[0,0,0],"ti":[0,0,0]},{"i":{"x":0.667,"y":1},"o":{"x":0.333,"y":0},"t":17,"s":[50,50,0],"to":[0,0,0],"ti":[0,0,0]},{"i":{"x":0.667,"y":0.667},"o":{"x":0.333,"y":0.333},"t":31,"s":[51,93,0],"to":[0,0,0],"ti":[0,0,0]},{"t":44,"s":[51,93,0]}],"ix":2,"l":2},"a":{"a":0,"k":[246.999,371.838,0],"ix":1,"l":2},"s":{"a":1,"k":[{"i":{"x":[0.667,0.667,0.667],"y":[1,1,1]},"o":{"x":[0.333,0.333,0.333],"y":[0,0,0]},"t":5,"s":[100,100,100]},{"i":{"x":[0.667,0.667,0.667],"y":[1,1,1]},"o":{"x":[0.333,0.333,0.333],"y":[0,0,0]},"t":22,"s":[90,90,100]},{"i":{"x":[0.667,0.667,0.667],"y":[1,1,1]},"o":{"x":[0.333,0.333,0.333],"y":[0,0,0]},"t":36,"s":[104,104,100]},{"t":49,"s":[100,100,100]}],"ix":6,"l":2}},"ao":0,"shapes":[{"ty":"gr","it":[{"ind":0,"ty":"sh","ix":1,"ks":{"a":0,"k":{"i":[[0,0],[0.17,1.14],[0.85,-0.7],[0,0],[0,0],[23.322,-53.198],[0,0],[-64.74,-1.65],[-37.81,4.99],[0,0]],"o":[[-14.4,-7.54],[-0.18,-1.14],[0.16,-0.8],[-14.27,1.01],[-23.37,2.53],[-18.714,42.688],[-8.9,87.72],[30.99,0.92],[136.13,-30.64],[-21.03,-115.12]],"v":[[65.101,-95.228],[41.811,-101.728],[-9.979,-102.718],[-55.739,-99.238],[-76.629,-94.368],[-157.815,-6.196],[-172.909,69.922],[-41.769,195.882],[52.351,191.372],[159.031,61.282]],"c":true},"ix":2},"nm":"Path 1","mn":"ADBE Vector Shape - Group","hd":false},{"ty":"gf","o":{"a":0,"k":100,"ix":10},"r":1,"bm":0,"g":{"p":11,"k":{"a":0,"k":[0,0.549,0.518,0.106,0.014,0.569,0.541,0.12,0.027,0.588,0.565,0.133,0.054,0.616,0.598,0.151,0.081,0.643,0.631,0.169,0.114,0.665,0.653,0.182,0.147,0.686,0.675,0.196,0.194,0.696,0.688,0.204,0.241,0.706,0.702,0.212,0.371,0.71,0.706,0.214,0.501,0.714,0.71,0.216],"ix":9}},"s":{"a":0,"k":[-8.089,229.162],"ix":5},"e":{"a":0,"k":[-16.959,-186.173],"ix":6},"t":1,"nm":"Gradient Fill 1","mn":"ADBE Vector Graphic - G-Fill","hd":false},{"ty":"tr","p":{"a":0,"k":[249.999,238.838],"ix":2},"a":{"a":0,"k":[0,0],"ix":1},"s":{"a":0,"k":[100,100],"ix":3},"r":{"a":0,"k":0,"ix":6},"o":{"a":0,"k":100,"ix":7},"sk":{"a":0,"k":0,"ix":4},"sa":{"a":0,"k":0,"ix":5},"nm":"Transform"}],"nm":"Group 4","np":2,"cix":2,"bm":0,"ix":1,"mn":"ADBE Vector Group","hd":false}],"ip":0,"op":360,"st":0,"bm":0}],"markers":[]}